prompt,completion
"You will be shown a series of captions for images. Please write augmented, expanded, enhanced versions of the captions, that describe more detail the types of vibes, illustration, lighting, photography, historical era, textures, listings on artstation, and other properties that might be relevant based on the original prompt. 
Please answer with this format: 

Original: {Original Caption}
Expanded: {Expanded Caption}

Examples: 

Original: A ufo landing
Expanded: A ufo landing, sci-fi, metallic, unreal engine, trending on artstation

Original:  A dog in a field
Expanded: A golden retriever puppy in a sunlit, rolling meadow, grassy, outdoor, photorealistic, vibrant colors. 

Original: cackling man with mustache

###

"," Expanded: Film still of a cackling man, bushy moustache, extreme close-up shot END"
"You will be shown a series of captions for images. Please write augmented, expanded, enhanced versions of the captions, that describe more detail the types of vibes, illustration, lighting, photography, historical era, textures, listings on artstation, and other properties that might be relevant based on the original prompt. 
Please answer with this format: 

Original: {Original Caption}
Expanded: {Expanded Caption}

Examples: 

Original: A ufo landing
Expanded: A ufo landing, sci-fi, metallic, unreal engine, trending on artstation

Original:  A dog in a field
Expanded: A golden retriever puppy in a sunlit, rolling meadow, grassy, outdoor, photorealistic, vibrant colors. 

Original: gangster squirrel

###

"," Expanded: Film still, gangster squirrel counting his money, low angle, shot from below, worms eye view END"
"You will be shown a series of captions for images. Please write augmented, expanded, enhanced versions of the captions, that describe more detail the types of vibes, illustration, lighting, photography, historical era, textures, listings on artstation, and other properties that might be relevant based on the original prompt. 
Please answer with this format: 

Original: {Original Caption}
Expanded: {Expanded Caption}

Examples: 

Original: A ufo landing
Expanded: A ufo landing, sci-fi, metallic, unreal engine, trending on artstation

Original:  A dog in a field
Expanded: A golden retriever puppy in a sunlit, rolling meadow, grassy, outdoor, photorealistic, vibrant colors. 

Original: farmer's market photo

###

"," Expanded: Film still, establishing shot of bustling farmers market, golden hour, high angle END"
"You will be shown a series of captions for images. Please write augmented, expanded, enhanced versions of the captions, that describe more detail the types of vibes, illustration, lighting, photography, historical era, textures, listings on artstation, and other properties that might be relevant based on the original prompt. 
Please answer with this format: 

Original: {Original Caption}
Expanded: {Expanded Caption}

Examples: 

Original: A ufo landing
Expanded: A ufo landing, sci-fi, metallic, unreal engine, trending on artstation

Original:  A dog in a field
Expanded: A golden retriever puppy in a sunlit, rolling meadow, grassy, outdoor, photorealistic, vibrant colors. 

Original:  cute pig in a big blue hat

###

"," Expanded: High-quality DSLR photo of cute pig in a big blue hat in a Dickensian back street at dusk, long shadows, beams of sunlight END"
"You will be shown a series of captions for images. Please write augmented, expanded, enhanced versions of the captions, that describe more detail the types of vibes, illustration, lighting, photography, historical era, textures, listings on artstation, and other properties that might be relevant based on the original prompt. 
Please answer with this format: 

Original: {Original Caption}
Expanded: {Expanded Caption}

Examples: 

Original: A ufo landing
Expanded: A ufo landing, sci-fi, metallic, unreal engine, trending on artstation

Original:  A dog in a field
Expanded: A golden retriever puppy in a sunlit, rolling meadow, grassy, outdoor, photorealistic, vibrant colors. 

Original: a mysterious goddess

###

"," Expanded: 3 d goddess close - up 3 / 4 portrait with ram skull. beautiful intricately detailed japanese crow kitsune mask and clasical japanese kimono. betta fish, jellyfish phoenix, bio luminescent, plasma, ice, water, wind, creature, artwork by tooth wu and wlop and beeple and greg rutkowski  END"
"You will be shown a series of captions for images. Please write augmented, expanded, enhanced versions of the captions, that describe more detail the types of vibes, illustration, lighting, photography, historical era, textures, listings on artstation, and other properties that might be relevant based on the original prompt. 
Please answer with this format: 

Original: {Original Caption}
Expanded: {Expanded Caption}

Examples: 

Original: A ufo landing
Expanded: A ufo landing, sci-fi, metallic, unreal engine, trending on artstation

Original:  A dog in a field
Expanded: A golden retriever puppy in a sunlit, rolling meadow, grassy, outdoor, photorealistic, vibrant colors. 

Original: a unicorn relaxing

###

"," Expanded: unicorn relaxing, teed relaxing colorful, modern, disney, in style of pixar, highly detailed, sharp focus, digital painting  END"
"You will be shown a series of captions for images. Please write augmented, expanded, enhanced versions of the captions, that describe more detail the types of vibes, illustration, lighting, photography, historical era, textures, listings on artstation, and other properties that might be relevant based on the original prompt. 
Please answer with this format: 

Original: {Original Caption}
Expanded: {Expanded Caption}

Examples: 

Original: A ufo landing
Expanded: A ufo landing, sci-fi, metallic, unreal engine, trending on artstation

Original:  A dog in a field
Expanded: A golden retriever puppy in a sunlit, rolling meadow, grassy, outdoor, photorealistic, vibrant colors. 

Original: sci fi cover art

###

"," Expanded: 1 9 8 0 s sci - fi cover art, tim hildebrandt, wayne barlowe, syd mead, john harris, bruce pennington, donato giancola, larry elmore, oil on canvas, artstation, pixiv, cinematic composition, dramatic, beautiful lighting, sharp, details, hd, hdr, 4 k  END"
"You will be shown a series of captions for images. Please write augmented, expanded, enhanced versions of the captions, that describe more detail the types of vibes, illustration, lighting, photography, historical era, textures, listings on artstation, and other properties that might be relevant based on the original prompt. 
Please answer with this format: 

Original: {Original Caption}
Expanded: {Expanded Caption}

Examples: 

Original: A ufo landing
Expanded: A ufo landing, sci-fi, metallic, unreal engine, trending on artstation

Original:  A dog in a field
Expanded: A golden retriever puppy in a sunlit, rolling meadow, grassy, outdoor, photorealistic, vibrant colors. 

Original: wood elf cybin digital painting

###

"," Expanded: moonshine cybin, buxom epic level dnd wood elf spore druidess, wielding a magical sword, wearing magical overalls. covered in various fungi. full character concept art, realistic, high detail digital painting by angus mcbride and michael whelan and michael william kaluta.  END"
"You will be shown a series of captions for images. Please write augmented, expanded, enhanced versions of the captions, that describe more detail the types of vibes, illustration, lighting, photography, historical era, textures, listings on artstation, and other properties that might be relevant based on the original prompt. 
Please answer with this format: 

Original: {Original Caption}
Expanded: {Expanded Caption}

Examples: 

Original: A ufo landing
Expanded: A ufo landing, sci-fi, metallic, unreal engine, trending on artstation

Original:  A dog in a field
Expanded: A golden retriever puppy in a sunlit, rolling meadow, grassy, outdoor, photorealistic, vibrant colors. 

Original: epic detailed dragon painting

###

"," Expanded: giant oriental dragon in the sky, d & d, fantasy, portrait, highly detailed, headshot, digital painting, trending on artstation, concept art, sharp focus, illustration, art by artgerm and greg rutkowski and magali villeneuve  END"
