datetime,created_at,ftm_id, status
2022-12-03 12:57:15.406144, 1670101035,ft-LAgPtBHLN5GvgQ23TaH3lCt4, pending
2022-12-03 14:53:58.219676, 1670108038,ft-5yRCwjWkWBvQddtf7P1rUIwP, pending
2022-12-05 02:16:09.295756, 1670235368,ft-V80e7QuEuaGcbdTSeMa1fAS4, pending
2022-12-17 03:25:29.295532, 1671276329,ft-F2dd7OHbNV15LCjlP70tdYPG, pending
2022-12-17 03:26:10.970432, 1671276329,ft-F2dd7OHbNV15LCjlP70tdYPG, pending
2022-12-17 03:26:24.787146, 1671276329,ft-F2dd7OHbNV15LCjlP70tdYPG, pending
2022-12-17 06:20:34.879413, 1671286834,ft-NVqMgSqjp6q8p6vAPW4VXCP3, pending
2022-12-17 07:54:57.498641, 1671292497,ft-ZIsm52M8w9rAS4RAfxcS2FmM, pending
2022-12-17 12:20:18.997382, 1671308418,ft-KFkHWYyJl13wzlgVLBp4bDC2, pending
2022-12-17 12:53:11.667458, 1671310391,ft-mPKrb7FqbWpTnplBb8pEYQ4W, pending
2022-12-17 13:36:18.079648, 1671312977,ft-YXU9uSKtdtDeJybVXMPNFFbI, pending
2023-01-12 22:44:40.342874, 1673592280,ft-sT9r0MhqAUMSv0tLFOi5O6Er, pending
2023-01-13 03:12:35.533292, 1673608342,ft-37KR1qzwE8sS5pwTqFlYtiPS, pending
2023-01-13 03:12:41.864367, 1673608342,ft-37KR1qzwE8sS5pwTqFlYtiPS, pending
